"Name","Url","Path","VisitCount"
"CAD 工作室 - 文件和实用程序 - 下载","https://www.cadstudio.cz/en/download.asp","bookmark_bar > 收藏夹栏 > 每日一观","2"
"全国遥遥领先的建筑工程资料库-筑龙论坛精华资料馆","https://www.zhulong.com/bbs/down","bookmark_bar > 收藏夹栏 > 每日一观","52"
"cad自学网","https://www.cadzxw.com/","bookmark_bar > 收藏夹栏 > 每日一观","224"
"小众技术工具库 | 专注分享实用软件和精品网站","https://www.xiaozhongjishu.com/","bookmark_bar > 收藏夹栏 > 每日一观","6"
"网站任意门 - 发现你最爱的网站","https://gate.ofo.moe/","bookmark_bar > 收藏夹栏 > 每日一观","0"
"异次元软件世界 - 软件改变生活！","https://www.iplaysoft.com/","bookmark_bar > 收藏夹栏 > 每日一观","3"
"中国数字科技馆","https://www.cdstm.cn/","bookmark_bar > 收藏夹栏 > 每日一观","1"
"土木在线网_土木工程网站_土木工程师职业成长家园！","https://www.co188.com/","bookmark_bar > 收藏夹栏 > 每日一观","8"
"工程随身宝","https://worksatlas.com/#/index","bookmark_bar > 收藏夹栏 > 每日一观","27"
"图欧学习资源库","https://tuostudy.com/","bookmark_bar > 收藏夹栏 > 每日一观","2"
"商务部业务系统统一平台","http://bfqc.scjss.mofcom.gov.cn/","bookmark_bar > 收藏夹栏 > 每日一观","4"
"XU5设计软件库丨xu5.cc","https://www.xu5.cc/","bookmark_bar > 收藏夹栏 > 每日一观","4"
"国家标准 - 全国标准信息公共服务平台","https://std.samr.gov.cn/gb/search/gbDetailed?id=71F772D7C970D3A7E05397BE0A0AB82A","bookmark_bar > 收藏夹栏 > 每日一观","1"
"欢迎 • freemediaheckyeah","https://fmhy.net/","bookmark_bar > 收藏夹栏 > 每日一观","2"
"数码荔枝 - 专注于分享最新鲜优秀的正版软件","https://www.lizhi.io/","bookmark_bar > 收藏夹栏 > 软件商城","4"
"所有商品","https://www.aiviy.com/search?keyword=&cate=0&page=1&sort=date-asc&tag=&pid=291","bookmark_bar > 收藏夹栏 > 软件商城","5"
"个人中心","https://apsgo.com/my-account","bookmark_bar > 收藏夹栏 > 软件商城","114"
"艾维商城(AIVIY.COM) - 正版软件商城 - 品质保障、服务周全、轻松购物!","https://www.aiviy.com/","bookmark_bar > 收藏夹栏 > 软件商城","3"
"谷歌账号购买-谷歌邮箱批发 - Gmail邮箱账号自助购买平台","https://gmailbuy.com/","bookmark_bar > 收藏夹栏 > 软件商城","4"
"常青藤软件工作室","http://www.icqt.net/","bookmark_bar > 收藏夹栏 > 公司处理 > cad装机套装","5"
"赫思CAD - 赫思CAD室内设计施工图深化软件","https://www.hesicad.com/index.html","bookmark_bar > 收藏夹栏 > 公司处理 > cad装机套装","1"
"I'm QQ - 每一天，乐在沟通","https://im.qq.com/index","bookmark_bar > 收藏夹栏 > 公司处理 > cad装机套装","0"
"微信 Windows 版","https://windows.weixin.qq.com/?lang=zh_CN","bookmark_bar > 收藏夹栏 > 公司处理 > cad装机套装","0"
"金山办公-支持多人在线协作编辑Word、Excel和PPT文档_WPS官方网站","https://www.wps.cn/","bookmark_bar > 收藏夹栏 > 公司处理 > cad装机套装","0"
"百度网盘","https://pan.baidu.com/disk/main?_at_=1668470378917#/index?category=all","bookmark_bar > 收藏夹栏 > 公司处理 > cad装机套装","0"
"Listary – File Search & App Launcher","https://www.listary.com/","bookmark_bar > 收藏夹栏 > 公司处理 > cad装机套装","0"
"白描App - 白描官网|简洁高效的OCR文字识别与文件扫描软件|拍照取字方便快捷","https://baimiao.uzero.cn/","bookmark_bar > 收藏夹栏 > 公司处理 > cad装机套装","0"
"小葛CAD工具箱","https://hh.lux-xul.com/","bookmark_bar > 收藏夹栏 > 公司处理 > cad装机套装","0"
"易出图-CAD批量打印插件","http://www.cadprint.cn/","bookmark_bar > 收藏夹栏 > 公司处理 > cad装机套装","0"
"Lite Studio","https://www.litestudio.cn/","bookmark_bar > 收藏夹栏 > 公司处理 > cad装机套装","11"
"浙江省专业技术人才管理服务平台","https://zcps.rlsbt.zj.gov.cn/028/client/index.jsp","bookmark_bar > 收藏夹栏 > 公司处理 > 职称评定","0"
"我的发票","https://www.5dfp.com//index.html?#invoiceList","bookmark_bar > 收藏夹栏 > 公司处理 > 职称评定","0"
"土木工程网- 土木工程师的家园","http://www.civilcn.com/","bookmark_bar > 收藏夹栏 > 公司处理 > 职称评定","0"
"注册土木工程师（道路工程）资格考试","http://www.cpta.com.cn/testCondition/494.html","bookmark_bar > 收藏夹栏 > 公司处理 > 职称评定","0"
"【建工社微课程】一二级建造师在线知识服务平台报名报考_注册_中国建筑工业出版社","https://wkc.cabplink.com/mall","bookmark_bar > 收藏夹栏 > 公司处理 > 职称评定","0"
"中国建造师网","https://www.coc.gov.cn/coc/","bookmark_bar > 收藏夹栏 > 公司处理 > 职称评定","0"
"中国人事考试网","http://cpta.mohrss.gov.cn/index.html","bookmark_bar > 收藏夹栏 > 公司处理 > 职称评定","0"
"浙江人事考试网 网上报名","http://www.zjks.com/col/col1229635562/index.html","bookmark_bar > 收藏夹栏 > 公司处理 > 职称评定","0"
"嘉兴市专业技术人员继续教育平台","http://zy.jxkp.net/?ReturnUrl=%2FPerson%2FPlay%2F55","bookmark_bar > 收藏夹栏 > 公司处理 > 职称评定","12"
"JXCORS用户管理系统","http://123.157.244.10:5000/JXCORS/login_loginCheck.action","bookmark_bar > 收藏夹栏 > 公司处理 > 处理工具","0"
"登录 - 云设计","https://yun.kexinsj.com/kexin_admin/#/tenant_login","bookmark_bar > 收藏夹栏 > 公司处理 > 处理工具","40"
"浙江省工程建设全过程图纸数字化管理系统(温州)","http://117.149.229.33:28800/authserver/auth/SignIn?appKey=c9406731-50bc-4e23-b3f5-b7e7d3093875&redirecturl=http%3A%2F%2F117.149.229.33%3A28800%2Fwebserver%2Fapp%2Findex.html%23%2Flogin&viewName=SignIn","bookmark_bar > 收藏夹栏 > 公司处理 > 处理工具","0"
"浙江省卫星导航定位基准服务中心","https://gnss.zrzyt.zj.gov.cn/coord_trans.html","bookmark_bar > 收藏夹栏 > 公司处理 > 处理工具","25"
"轻松传 - 传文件，传文本，传屏幕，传实时视频","https://easychuan.cn/","bookmark_bar > 收藏夹栏 > 公司处理 > 处理工具","1"
"杭州城建设计院综合信息管理系统","http://www.hcj1952.com:8899/hz/sys/login/logined.jsp","bookmark_bar > 收藏夹栏 > 公司处理 > 处理工具","4"
"工标库","https://www.gongbiaoku.com/","bookmark_bar > 收藏夹栏 > 公司处理 > 资料查询 > 规范网","6"
"建标库 - 专注于建筑工程资源，超全规范标准、海量图纸模型等","http://www.jianbiaoku.com/","bookmark_bar > 收藏夹栏 > 公司处理 > 资料查询 > 规范网","5"
"90图书馆","http://www.90tsg.com/","bookmark_bar > 收藏夹栏 > 公司处理 > 资料查询 > 规范网","0"
"图集之家 - 免费标准图集下载、建筑规范图集下载网、国家标准图集分享网站","https://www.softhome.cc/","bookmark_bar > 收藏夹栏 > 公司处理 > 资料查询 > 规范网","0"
"首页 - 全国标准信息公共服务平台","https://std.samr.gov.cn/","bookmark_bar > 收藏夹栏 > 公司处理 > 资料查询 > 规范网","5"
"国家标准全文公开","https://openstd.samr.gov.cn/bzgk/gb/index","bookmark_bar > 收藏夹栏 > 公司处理 > 资料查询 > 规范网","3"
"Gartner中文官方首页｜Gartner中国","https://www.gartner.com/cn","bookmark_bar > 收藏夹栏 > 公司处理 > 资料查询 > 数据网","0"
"中国空气污染：实时空气质量指数地图","https://aqicn.org/map/china/cn/","bookmark_bar > 收藏夹栏 > 公司处理 > 资料查询 > 数据网","0"
"实时数据-中国环境监测总站","http://www.cnemc.cn/sssj/","bookmark_bar > 收藏夹栏 > 公司处理 > 资料查询 > 数据网","0"
"艾瑞指数 - 互联网用户行为洞察","https://index.iresearch.com.cn/new/#/","bookmark_bar > 收藏夹栏 > 公司处理 > 资料查询 > 数据网","0"
"百度指数","https://index.baidu.com/v2/index.html#/","bookmark_bar > 收藏夹栏 > 公司处理 > 资料查询 > 数据网","1"
"艺恩娱数","https://ys.endata.cn/DataMarket/Index","bookmark_bar > 收藏夹栏 > 公司处理 > 资料查询 > 数据网","0"
"360趋势-大数据分享平台","https://trends.so.com/?src=index.so.com","bookmark_bar > 收藏夹栏 > 公司处理 > 资料查询 > 数据网","0"
"北京 城市实时交通详情","https://report.amap.com/detail.do?city=110000","bookmark_bar > 收藏夹栏 > 公司处理 > 资料查询 > 数据网","0"
"产业网-房天下产业网","https://fdc.fang.com/index/","bookmark_bar > 收藏夹栏 > 公司处理 > 资料查询 > 数据网","0"
"国家数据","https://data.stats.gov.cn/","bookmark_bar > 收藏夹栏 > 公司处理 > 资料查询 > 数据网","1"
"国家统计局>>地方统计网站","http://www.stats.gov.cn/tjgz/wzlj/dftjwz/","bookmark_bar > 收藏夹栏 > 公司处理 > 资料查询 > 数据网","0"
"国家水质自动综合监管平台","https://szzdjc.cnemc.cn:8070/GJZ/Business/Publish/Main.html","bookmark_bar > 收藏夹栏 > 公司处理 > 资料查询 > 数据网","0"
"桐乡市人民政府","http://www.tx.gov.cn/","bookmark_bar > 收藏夹栏 > 公司处理 > 资料查询 > 政府网","18"
"中共嘉兴市委嘉兴市人民政府门户网站","https://www.jiaxing.gov.cn/","bookmark_bar > 收藏夹栏 > 公司处理 > 资料查询 > 政府网","1"
"嘉兴市建设工程造价管理协会","http://zjjxzjxh.cn/Buildinglist.asp","bookmark_bar > 收藏夹栏 > 公司处理 > 资料查询 > 政府网","6"
"桐乡市人民政府 开发区（高桥街道）","http://www.tx.gov.cn/col/col1229398217/index.html","bookmark_bar > 收藏夹栏 > 公司处理 > 资料查询 > 政府网","0"
"桐乡市公共资源交易中心","http://jxszwsjb.jiaxing.gov.cn/txmain/","bookmark_bar > 收藏夹栏 > 公司处理 > 资料查询 > 政府网","5"
"嘉兴市住房和城乡建设局 造价信息","https://jsj.jiaxing.gov.cn/col/col1229623993/index.html","bookmark_bar > 收藏夹栏 > 公司处理 > 资料查询 > 政府网","0"
"嘉兴市交通运输局","https://jtysj.jiaxing.gov.cn/","bookmark_bar > 收藏夹栏 > 公司处理 > 资料查询 > 政府网","0"
"嘉兴市公共资源交易中心","http://jxszwsjb.jiaxing.gov.cn/","bookmark_bar > 收藏夹栏 > 公司处理 > 资料查询 > 政府网","1"
"民用无人驾驶航空器综合管理平台（UOM）","https://uom.caac.gov.cn/#/login","bookmark_bar > 收藏夹栏 > 公司处理 > 资料查询 > 政府网","0"
"国家企业信用信息公示","https://www.gsxt.gov.cn/index","bookmark_bar > 收藏夹栏 > 公司处理 > 资料查询 > 政府网","0"
"嘉兴市公共资源交易网 桐乡市","https://jxszwsjb.jiaxing.gov.cn/col/col1229744142/index.html","bookmark_bar > 收藏夹栏 > 公司处理 > 资料查询 > 政府网","1"
"永久基本农田查询平台","https://yncx.mnr.gov.cn/yn/#/home","bookmark_bar > 收藏夹栏 > 公司处理 > 资料查询 > 政府网","1"
"国家医保药品目录查询","http://xn--jvv317b7hl/","bookmark_bar > 收藏夹栏 > 公司处理 > 资料查询 > 政府网","1"
"财政部","http://www.mof.gov.cn/zhengwuxinxi/","bookmark_bar > 收藏夹栏 > 公司处理 > 资料查询 > 国家网","1"
"外汇管理局","http://www.safe.gov.cn/","bookmark_bar > 收藏夹栏 > 公司处理 > 资料查询 > 国家网","0"
"人力资源和社会保障部","http://www.mohrss.gov.cn/","bookmark_bar > 收藏夹栏 > 公司处理 > 资料查询 > 国家网","0"
"浙江政务服务网","https://www.zjzwfw.gov.cn/zjservice/front/index/page.do?webId=1","bookmark_bar > 收藏夹栏 > 公司处理 > 资料查询 > 国家网","0"
"中国政府网","https://www.gov.cn/","bookmark_bar > 收藏夹栏 > 公司处理 > 资料查询 > 国家网","0"
"中华人民共和国科学技术部","http://www.most.gov.cn/index.html","bookmark_bar > 收藏夹栏 > 公司处理 > 资料查询 > 国家网","0"
"国家统计局","http://www.stats.gov.cn/","bookmark_bar > 收藏夹栏 > 公司处理 > 资料查询 > 国家网","0"
"中华人民共和国交通运输部","https://www.mot.gov.cn/","bookmark_bar > 收藏夹栏 > 公司处理 > 资料查询 > 国家网","0"
"中华人民共和国财政部","http://www.mof.gov.cn/index.htm","bookmark_bar > 收藏夹栏 > 公司处理 > 资料查询 > 国家网","0"
"中国人大网","http://www.npc.gov.cn/","bookmark_bar > 收藏夹栏 > 公司处理 > 资料查询 > 国家网","0"
"中共嘉兴市委嘉兴市人民政府门户网站","http://www.jiaxing.gov.cn/","bookmark_bar > 收藏夹栏 > 公司处理 > 资料查询 > 国家网","0"
"国家标准 - 全国标准信息公共服务平台","http://std.samr.gov.cn/gb","bookmark_bar > 收藏夹栏 > 公司处理 > 资料查询 > 国家网","0"
"中国气象网-中国气象局政府门户网站","http://www.cma.gov.cn/","bookmark_bar > 收藏夹栏 > 公司处理 > 资料查询 > 国家网","0"
"桐乡市人民政府 市交通运输局","http://www.tx.gov.cn/col/col1229398185/index.html","bookmark_bar > 收藏夹栏 > 公司处理 > 资料查询 > 国家网","0"
"浙江省人民政府门户网站 厅领导","http://www.zj.gov.cn/col/col1229278120/index.html","bookmark_bar > 收藏夹栏 > 公司处理 > 资料查询 > 国家网","0"
"注册土木工程师（道路工程）资格考试","http://cpta.mohrss.gov.cn/testCondition/494.html","bookmark_bar > 收藏夹栏 > 公司处理 > 资料查询 > 国家网","0"
"违法和不良信息举报中心","https://www.12377.cn/","bookmark_bar > 收藏夹栏 > 公司处理 > 资料查询 > 国家网","0"
"公开--中华人民共和国交通运输部","https://www.mot.gov.cn/zhengce/","bookmark_bar > 收藏夹栏 > 公司处理 > 资料查询 > 国家网","0"
"浙江省投资项目在线审批监管平台","https://tzxm.zjzwfw.gov.cn/indexzj.jsp","bookmark_bar > 收藏夹栏 > 公司处理 > 资料查询 > 国家网","0"
"投资项目在线审批监管平台","http://new.tzxm.gov.cn/","bookmark_bar > 收藏夹栏 > 公司处理 > 资料查询 > 国家网","0"
"自然资源部门户网站","https://www.mnr.gov.cn/","bookmark_bar > 收藏夹栏 > 公司处理 > 资料查询 > 国家网","3"
"公安部交通管理科学研究所","http://www.tmri.cn/index.aspx","bookmark_bar > 收藏夹栏 > 公司处理 > 资料查询 > 国家网","1"
"桐乡市水文站","http://122.225.60.254:7003/","bookmark_bar > 收藏夹栏 > 公司处理 > 资料查询","1"
"民用无人驾驶航空器综合管理平台","https://uom.caac.gov.cn/&ie=utf-8&f=8&tn=baidu&wd=uom.caac.gov.cn&fenlei=256&oq=uom.caac.gov.cn&rqlang=cn&prefixsug=uom.caac.gov.cn&rsp=0#/main","bookmark_bar > 收藏夹栏 > 公司处理 > 资料查询","0"
"限飞查询 - DJI FlySafe","https://fly-safe.dji.com/nfz/nfz-query","bookmark_bar > 收藏夹栏 > 公司处理 > 资料查询","7"
"浙江政务服务网","https://www.zjzwfw.gov.cn/zjservice-fe/#/home","bookmark_bar > 收藏夹栏 > 公司处理","5"
"浙江省工程建设全过程图纸数字化管理平台","http://117.149.146.9:28800/authserver/auth/SignIn?appKey=c9406731-50bc-4e23-b3f5-b7e7d3093875&redirecturl=http%3A%2F%2F117.149.146.9%3A28800%2Fwebserver%2Fapp%2Findex.html%23%2Flogin","bookmark_bar > 收藏夹栏 > 公司处理","49"
"浙江省建筑市场监管公共服务系统","https://jzsc.jst.zj.gov.cn/PublicWeb/index.html#/","bookmark_bar > 收藏夹栏 > 公司处理","3"
"我的录播课","https://wkc.cabplink.com/my-learn-video-player-38063","bookmark_bar > 收藏夹栏 > vip网站","2"
"工程随身宝","http://worksatlas.com/#/index","bookmark_bar > 收藏夹栏 > vip网站","1"
"帮小忙，腾讯在线工具箱平台","https://tool.browser.qq.com/","bookmark_bar > 收藏夹栏 > vip网站","2"
"不土不木规范_标准规范图集_搜规范，我们更专业！","https://www.ytuymu.com/","bookmark_bar > 收藏夹栏 > vip网站","3"
"idm安装教程 - 飞书云文档","https://oog0m6ann6.feishu.cn/docs/doccnpcA0ecXT8psy2vcUsIDR8f","bookmark_bar > 收藏夹栏 > vip网站","1"
"VirusTotal - Home查毒网站","https://www.virustotal.com/gui/home/upload","bookmark_bar > 收藏夹栏 > vip网站","2"
"番茄游戏-单机游戏盒子-大型单机游戏合集网站_game游戏仓库-全球最大的单机游戏下载中心-游戏交流网-GAME-游戏仓库","https://www.d3x7.com/","bookmark_bar > 收藏夹栏 > vip网站","13"
"Z-Library – the world’s largest e-book library. Your gateway to knowledge and culture.","https://zlibrary-china.se/?signAll=1&ts=0507","bookmark_bar > 收藏夹栏 > vip网站","0"
"Listary – File Search & App Launcher","https://www.listary.com/","bookmark_bar > 收藏夹栏 > vip网站","1"
"未命名街道 – Streetmix","https://streetmix.net/2324144788/1","bookmark_bar > 收藏夹栏 > vip网站","2"
"松鼠图书馆","http://lib.zuotiyi.cn/","bookmark_bar > 收藏夹栏 > vip网站","3"
"在线地基承载力计算器 - 免费快速计算地基承载能力 - 独立基础承载力计算","https://www.bchrt.com/tools/foundation-bearing-capacity-calculator/","bookmark_bar > 收藏夹栏 > vip网站","1"
"中望开发者生态应用官网","https://zdn.zwsoft.cn/?&sub_cat_id=58&sort=is_top&sort_value=DESC&page=1","bookmark_bar > 收藏夹栏 > vip网站","2"
"浙江省建设工程多元化价格信息服务平台","https://dyh.zjzj.net/front/#/home/index","bookmark_bar > 收藏夹栏 > vip网站","2"
"油猴脚本","https://gf.qytechs.cn/zh-CN/scripts","bookmark_bar > 收藏夹栏 > vip网站","6"
"大模型检测","https://matrix.tencent.com/ai-detect/ai_gen","bookmark_bar > 收藏夹栏 > AI > 检测","3"
"时尚复古风拼图女生ootd穿搭分享小红书封面__编辑页_美图设计室","https://www.x-design.com/design/?from=tpbj&id=946054654","bookmark_bar > 收藏夹栏 > AI > AI写作","0"
"最新图片采集_最新素材采集-花瓣网","https://huaban.com/discovery","bookmark_bar > 收藏夹栏 > AI > AI写作","0"
"酷表ChatExcel","https://chatexcel.com/onlinesheet","bookmark_bar > 收藏夹栏 > AI > AI写作","0"
"WHEE - AI视觉创作的灵感激发器","https://www.whee.com/","bookmark_bar > 收藏夹栏 > AI > 文生图","0"
"LiblibAI·哩布哩布AI - 中国领先的AI创作平台","https://www.liblib.art/sd?id=1714197984872","bookmark_bar > 收藏夹栏 > AI > 文生图","0"
"堆友—多风格AI绘画神器免费生成；多功能AI工具箱集结助力；3D素材在线渲染，免费商用；各类创意设计大赛，等你来战！","https://d.design/","bookmark_bar > 收藏夹栏 > AI > 文生图","0"
"DeepSeek 开放平台","https://platform.deepseek.com/usage","bookmark_bar > 收藏夹栏 > AI > API网站","7"
"火山方舟管理控制台","https://console.volcengine.com/ark/region:ark+cn-beijing/model/detail?Id=deepseek-v3-2","bookmark_bar > 收藏夹栏 > AI > API网站","4"
"wildcard.com.cn","https://wildcard.com.cn/","bookmark_bar > 收藏夹栏 > AI > API网站","1"
"WildAI","https://bewild.ai/","bookmark_bar > 收藏夹栏 > AI > API网站","1"
"http://127.0.0.1:18789/?token=ea7926700f4965be47fffae1925c857bda449c912d7939cd","http://127.0.0.1:18789/?token=ea7926700f4965be47fffae1925c857bda449c912d7939cd","bookmark_bar > 收藏夹栏 > AI > API网站","0"
"阿里云开发者社区-云计算社区-阿里云","https://developer.aliyun.com/?spm=5176.42028462.nav-v2-dropdown-menu-7.d_main_6.e939154a6aYpcK","bookmark_bar > 收藏夹栏 > AI > API网站","2"
"Models | 心流开放平台","https://platform.iflow.cn/models","bookmark_bar > 收藏夹栏 > AI > API网站","1"
"SiliconCloud","https://cloud.siliconflow.cn/me/models","bookmark_bar > 收藏夹栏 > AI > API网站","3"
"OpenClaw Control","http://127.0.0.1:18789/chat?session=agent%3Amain%3Amain","bookmark_bar > 收藏夹栏 > AI > API网站","1"
"大模型服务平台百炼控制台","https://bailian.console.aliyun.com/cn-beijing/?tab=model#/efm/model_experience_center/text","bookmark_bar > 收藏夹栏 > AI > API网站","33"
"Brave Search - API","https://api-dashboard.search.brave.com/app/subscriptions/subscribe","bookmark_bar > 收藏夹栏 > AI > API网站","3"
"智谱清言","https://chatglm.cn/main/alltoolsdetail?redirect=/main/alltoolsdetail&lang=zh","bookmark_bar > 收藏夹栏 > AI > 网页版大模型","2"
"chat8","https://meta.com.chatvgx.com/#/home?from=lg","bookmark_bar > 收藏夹栏 > AI > 网页版大模型","4"
"千问-Qwen最新模型体验-通义千问","https://www.qianwen.com/chat/1697b1740851413b8f60f5e8387f8ba5?st=null&bizPassParams=%26x-platform%3DexternalH5","bookmark_bar > 收藏夹栏 > AI > 网页版大模型","3"
"DeepSeek - 探索未至之境","https://chat.deepseek.com/","bookmark_bar > 收藏夹栏 > AI > 网页版大模型","40"
"Chat8永久地址 地址发布页","https://x.chat838.com/#/2350489","bookmark_bar > 收藏夹栏 > AI > 网页版大模型","0"
"Google Gemini","https://gemini.google.com/app","bookmark_bar > 收藏夹栏 > AI > 网页版大模型","3"
"","https://claude.com/","bookmark_bar > 收藏夹栏 > AI > 网页版大模型","1"
"App unavailable in region | Claude","https://claude.com/app-unavailable-in-region","bookmark_bar > 收藏夹栏 > AI > 网页版大模型","1"
"Claude","https://claude.ai/new","bookmark_bar > 收藏夹栏 > AI > 网页版大模型","7"
"LMArena - 全球AI大模型权威排行榜官网","https://lmarena-ai.com/#leaderboards","bookmark_bar > 收藏夹栏 > AI > 模型评测","1"
"SuperCLUE中文大模型测评基准-AI评测榜单","https://superclueai.com/","bookmark_bar > 收藏夹栏 > AI > 模型评测","1"
"AiShort - AI提示词库 | 精选Prompt模板，即刻提升AI效率 | AiShort - Advanced AI Agent & Prompt Platform | Build, Share, and Multiply Productivity with One Click","https://www.aishort.top/","bookmark_bar > 收藏夹栏 > AI > ai提示词","1"
"免费 AI 提示词库 - 400+ Nano Banana 提示词与工作流","https://nanoprompts.org/zh/","bookmark_bar > 收藏夹栏 > AI > ai提示词","1"
"fogsight.ai","https://fogsight.ai/","bookmark_bar > 收藏夹栏 > AI > AI应用","3"
"- Napkin AI","https://app.napkin.ai/page/CgoiCHByb2Qtb25lEiwKBFBhZ2UaJDQ0NDFiYWFkLTYxNWUtNDQzMy05YzliLWY3NjM1Y2Y0YTFhZQ?step=email","bookmark_bar > 收藏夹栏 > AI > AI应用","1"
"甘特图生成","https://mermaid.live/edit#pako:eNpVjc1ugzAQhF_F2lMrkQgIP8aHSg1pc4nUHnoq5GCFBaMGGxmjNAXevYaoajun3Z1vZgc4qQKBQXlWl5Pg2pC3XS6J1WOWCl13puHdkaxWD-MeDWmUxOtItnd7RTqh2raW1f2N384QSYfDjCExopYf081Kl_yLxJHssgNvjWqPf523ixrJU1a_Clv_3xEabeo5Kzkr-erENUm5XhBwoNJ1AczoHh1oUDd8XmGY3RyMwAZzYHYssOT92eSQy8nGWi7flWp-klr1lQBbf-7s1rcFN7ireaX5L4KyQJ2qXhpg3mapADbAJ7DAXwdJklDPjeiGBkEUOHC154iuY-rFmygJqR8G3uTA1_LUXdM4dK38yI1j1w_96Rs-83bt","bookmark_bar > 收藏夹栏 > AI > AI应用","2"
"ijiaodui.com","https://www.ijiaodui.com/","bookmark_bar > 收藏夹栏 > AI > AI应用","2"
"在线免费文字转语音 - TTSMaker官网 | 马克配音","https://ttsmaker.cn/","bookmark_bar > 收藏夹栏 > AI > AI应用","1"
"Gamma","https://gamma.app/","bookmark_bar > 收藏夹栏 > AI > AI应用","1"
"天工超能AI — 江苏卫视《最强大脑》特约合作伙伴","https://search.tiangong.cn/","bookmark_bar > 收藏夹栏 > AI > AI应用","2"
"Bigjpg - AI人工智能图片无损放大 - 使用人工智能深度卷积神经网络(CNN)无损放大图片","https://bigjpg.com/","bookmark_bar > 收藏夹栏 > AI > AI应用","0"
"美国地址生成器 - 美国身份生成器 - 美国信用卡生成器","https://www.meiguodizhi.com/","bookmark_bar > 收藏夹栏 > AI > 虚假信息生成器","2"
"免费临时号码 +86 197 430 557 40 — 接收短信（中国，China Mobile） | Text Verification - Receive SMS Online","https://text-verification.net/zh/number/8619743055740","bookmark_bar > 收藏夹栏 > AI > 虚假信息生成器","2"
"排行榜ChatGPT话题 - LINUX DO","https://linux.do/tag/chatgpt/3/l/top","bookmark_bar > 收藏夹栏 > AI > 前言社区论坛等","1"
"购买商品 - 自动发卡","https://xn--14qp23g.com/","bookmark_bar > 收藏夹栏 > AI > AI充值","2"
"Clawdbot Control","http://127.0.0.1:18789/chat?session=main","bookmark_bar > 收藏夹栏 > AI","57"
"Gemini Enterprise","https://business.gemini.google/home/cid/fbb3aa3a-ae32-48fe-bffd-6174b18a08ad?csesidx=794799845&mods","bookmark_bar > 收藏夹栏 > AI","1"
"百炼Coding Plan","https://common-buy.aliyun.com/?spm=5176.44390736.0.0.71a933a6gb9sEj&commodityCode=sfm_codingplan_public_cn&accounttraceid=164a6a703275442c84a4bd1bad5f8f11cafn","bookmark_bar > 收藏夹栏 > AI > coding plan","1"
"方舟Coding-Plan","https://www.volcengine.com/activity/codingplan","bookmark_bar > 收藏夹栏 > AI > coding plan","1"
"LiveBench","https://livebench.ai/","bookmark_bar > 收藏夹栏 > AI > AI模型排行榜","1"
"SWE-bench Leaderboards","https://www.swebench.com/","bookmark_bar > 收藏夹栏 > AI > AI模型排行榜","1"
"Artificial Analysis Intelligence Index | Artificial Analysis","https://artificialanalysis.ai/evaluations/artificial-analysis-intelligence-index","bookmark_bar > 收藏夹栏 > AI > AI模型排行榜","1"
"高德地图","https://ditu.amap.com/","bookmark_bar > 收藏夹栏 > 地图网","72"
"Google 地图","https://www.google.com/maps/@30.6308042,120.1522759,252544m/data=!3m1!1e3?hl=zh-CN&entry=ttu&g_ep=EgoyMDI1MTIwOS4wIKXMDSoKLDEwMDc5MjA3MUgBUAM%3D","bookmark_bar > 收藏夹栏 > 地图网","5"
"百度地图","https://map.baidu.com/@13443315.62,3578394.42,12z","bookmark_bar > 收藏夹栏 > 地图网","13"
"国家地理信息公共服务平台_天地图_在线地图","https://map.tianditu.gov.cn/","bookmark_bar > 收藏夹栏 > 地图网","1"
"浙江省地理信息公共服务平台","https://zhejiang.tianditu.gov.cn/map","bookmark_bar > 收藏夹栏 > 地图网","6"
"地理空间数据云","https://www.gscloud.cn/home#page1/2","bookmark_bar > 收藏夹栏 > 地图网","0"
"Google 地球","https://earth.google.com/web/search/%E6%A1%90%E4%B9%A1/@30.63199661,120.56390594,6.2830569a,695.45193459d,35y,0h,0t,0r/data=Cj4iJgokCR0mJSLz6j5AERDEPi06uz5AGYWdY2HuEV5AIdud5kB59l1AKhAIARIKMjAyNC0wNC0xOBgBQgIIAToDCgEwQgIIAEoNCP___________wEQAA","bookmark_bar > 收藏夹栏 > 地图网","2"
"免费论文下载中心：为您提供各行业论文下载","http://www.hi138.com/","bookmark_bar > 收藏夹栏 > 工具","4"
"参考文献自动生成_参考文献格式生成器_笔杆网","https://www.bigan.net/reference/","bookmark_bar > 收藏夹栏 > 工具","2"
"普光家TL-WDR8690","http://192.168.0.1/","bookmark_bar > 收藏夹栏 > 工具","1"
"【3D模型免费下载】打造一流的3DMax模型库_3D溜溜网 3d66.com","https://www.3d66.com/","bookmark_bar > 收藏夹栏 > 工具","1"
"知末网 - 下素材找灵感看案例 - 发现更好的设计","https://www.znzmo.com/","bookmark_bar > 收藏夹栏 > 工具","3"
"VirScan - 多引擎文件在线检测平台","http://www.virscan.org/","bookmark_bar > 收藏夹栏 > 工具","4"
"中文数据库","http://lib.shutong121.com/zhongwenku/","bookmark_bar > 收藏夹栏 > 工具","0"
"公众号","https://mp.weixin.qq.com/cgi-bin/home?t=home/index&token=1673903758&lang=zh_CN","bookmark_bar > 收藏夹栏 > 工具","2"
"即时工具-致力打造即用即走型在线工具箱","https://www.67tool.com/","bookmark_bar > 收藏夹栏 > 工具","0"
"24k导航 | 专注全网优质网址、优质资源分享。","https://www.24kdh.net/","bookmark_bar > 收藏夹栏 > 工具","0"
"Aspose.cad 免费在线应用程序打开和处理 CAD 和 BIM 图纸","https://products.aspose.app/cad/zh/","bookmark_bar > 收藏夹栏 > 工具","1"
"偷懒工具 - 努力做更好用的在线工具","https://toolight.cn/?ref=toolsdar.com","bookmark_bar > 收藏夹栏 > 工具","1"
"Redmi路由器","http://192.168.31.1/cgi-bin/luci/;stok=a6bed8b3721cf0e3f057a4a3ec2eeb45/web/home#router","bookmark_bar > 收藏夹栏 > 工具","9"
"微步在线X情报社区-威胁情报查询_威胁分析平台_开放社区","https://x.threatbook.com/","bookmark_bar > 收藏夹栏 > 工具","2"
"免费病毒清除工具 – 在线病毒扫描 | 卡巴斯基","https://www.kaspersky.com.cn/downloads/free-virus-removal-tool","bookmark_bar > 收藏夹栏 > 工具","1"
"淘宝网 - 淘！我喜欢","https://www.taobao.com/","bookmark_bar > 收藏夹栏 > 购物","50"
"阿里巴巴1688.com - 全球领先的采购批发平台,批发网","https://www.1688.com/","bookmark_bar > 收藏夹栏 > 购物","4"
"全网比价，先比价再下单 —— 慢慢买","http://home.manmanbuy.com/bijia.aspx","bookmark_bar > 收藏夹栏 > 购物","1"
"商品历史价格查询","http://www.hisprice.cn/his.php?hisurl=https%253A%252F%252Fitem.jd.com%252F10080667555713.html","bookmark_bar > 收藏夹栏 > 购物","0"
"环球资源-全球资源网-多渠道国际贸易B2B平台","https://www.qqzyuan.com/","bookmark_bar > 收藏夹栏 > 购物","1"
"香菜加馍 - 知乎","https://www.zhihu.com/people/tian-cai-jin-dong/posts","bookmark_bar > 收藏夹栏 > 购物 > 有声 > AU插件","3"
"方便国内用户的 ReaPack 下载地址与 ReaPack 第三方源（镜像） - 资源分享 / 插件脚本 - REAPER中文分享社区","https://club.reaget.com/t/topic/219","bookmark_bar > 收藏夹栏 > 购物 > 有声 > AU插件","1"
"热门话题 - REAPER中文分享社区","https://club.reaget.com/top?period=monthly","bookmark_bar > 收藏夹栏 > 购物 > 有声 > AU插件","0"
"萤火虫—音乐制作 混音教程 音乐交流平台 - Powered by Discuz!","https://yhcjcw.com/","bookmark_bar > 收藏夹栏 > 购物 > 有声 > AU插件","0"
"最新资源分享/插件脚本话题 - REAPER中文分享社区","https://club.reaget.com/c/17-category/share-scripts/8","bookmark_bar > 收藏夹栏 > 购物 > 有声 > AU插件","0"
"3D环绕效果插件 | Wave Arts Panorama 7 v7.0.2 | PC | 乐绘派","https://www.audiopai.com/18400.html","bookmark_bar > 收藏夹栏 > 购物 > 有声 > AU插件","0"
"66音频网 - 音乐梦想从这里开始","https://www.66audio.cn/","bookmark_bar > 收藏夹栏 > 购物 > 有声 > AU插件","0"
"Kontakt 7.10.4 康泰克音源采样器 Win/Mac 最新版本 - 可乐原创音乐","https://www.musiccoke.com/364.html","bookmark_bar > 收藏夹栏 > 购物 > 有声 > AU插件","0"
"   ","edge://newtab/","bookmark_bar > 收藏夹栏 > 购物 > 有声 > AU插件","0"
"【新脚本】音频修剪套装（删除头尾空白，分割音频块删除中间空白） - REAPER 音频应用","https://audiobar.cn/forum.php?mod=viewthread&tid=578247","bookmark_bar > 收藏夹栏 > 购物 > 有声 > AU插件","0"
"Reaper无障碍交流基地","http://bbs.ayp.ink/","bookmark_bar > 收藏夹栏 > 购物 > 有声 > AU插件","0"
"爱给网_音效配乐_3D模型_视频素材_免费下载","https://www.aigei.com/","bookmark_bar > 收藏夹栏 > 购物 > 有声 > 音频素材","17"
"耳聆网 - 听见世界之美 - (声音分享云|音效素材库)","https://www.ear0.com/","bookmark_bar > 收藏夹栏 > 购物 > 有声 > 音频素材","0"
"音效素材下载 - 音效大全 - 配乐 - 觅知网","https://www.51miz.com/sound/?utm_term=1323594&utm_source=360","bookmark_bar > 收藏夹栏 > 购物 > 有声 > 音频素材","0"
"音效下载、音效素材免费下载、音效网_站长素材","https://sc.chinaz.com/yinxiao/","bookmark_bar > 收藏夹栏 > 购物 > 有声 > 音频素材","0"
"音效素材下载_mp3音效大全 - 菜鸟图库","https://www.sucai999.com/audio.html?v=NTYwNDUx","bookmark_bar > 收藏夹栏 > 购物 > 有声 > 音频素材","0"
"淘声网 - toSound声音搜索引擎 - 免费音效素材资源|视频游戏配乐下载","https://www.tosound.com/","bookmark_bar > 收藏夹栏 > 购物 > 有声 > 音频素材","0"
"声音素材-免费声音素材-声音制作【声音网】","http://www.shengyin.com/","bookmark_bar > 收藏夹栏 > 购物 > 有声 > 音频素材","0"
"音效素材下载_音效素材网_音效库_熊猫办公","https://www.tukuppt.com/yinxiao/?plan=10029-529-261069&bd_vid=9920128601422576899","bookmark_bar > 收藏夹栏 > 购物 > 有声 > 音频素材","0"
"声音-音效素材-诗朗诵配乐-千库网","https://588ku.com/music/0-0-0-0-0-0-default-1/?hd=1701&sem=17&kw=bd0049699&bd_vid=9838112077058031608","bookmark_bar > 收藏夹栏 > 购物 > 有声 > 音频素材","0"
"90,000+ Free Sound Effects for Download - Pixabay","https://pixabay.com/sound-effects/","bookmark_bar > 收藏夹栏 > 购物 > 有声 > 音频素材","0"
"视频素材-LookAE.com","https://www.lookae.com/sucai/videos/","bookmark_bar > 收藏夹栏 > 购物 > 有声 > 音频素材","0"
"猴子音悦|「版权音乐」商用授权平台-罐头音乐视频配乐素材库_GLnav全球导航-国内国外网站网址大全","http://glnav.com/Home/Newmedia/view/id/149","bookmark_bar > 收藏夹栏 > 购物 > 有声 > 音频素材","0"
"人人都来玩音乐 | 叉烧网","https://www.exound.com/","bookmark_bar > 收藏夹栏 > 购物 > 有声 > 音频素材","0"
"「版权音乐」商用授权平台-罐头音乐视频配乐素材库-猴子音悦","https://houzi8.com/?ref=pidoutv.com","bookmark_bar > 收藏夹栏 > 购物 > 有声 > 音频素材","2"
"有声小说,听书,听小说,听故事,听广播 - 喜马拉雅","https://www.ximalaya.com/","bookmark_bar > 收藏夹栏 > 购物 > 有声","0"
"喜马拉雅-有声制作平台","https://a.ximalaya.com/settle","bookmark_bar > 收藏夹栏 > 购物 > 有声","0"
"有声喵~ 自动画本|手机画本","https://www.youshengmiao.com/home/book-list","bookmark_bar > 收藏夹栏 > 购物 > 有声","0"
"常用工具_大脸猫","https://www.yingyinclub.com/xiazaizhongxin/gongjv","bookmark_bar > 收藏夹栏 > 购物 > 有声 > 资源","71"
"门户 - Powered by Discuz!","https://atshore.net/","bookmark_bar > 收藏夹栏 > 购物 > 有声 > 资源","0"
"Headphones Power Calculator - Headphonesty","https://www.headphonesty.com/headphone-power-calculator/","bookmark_bar > 收藏夹栏 > 购物 > 有声 > 资源","0"
"Alex聊混音 内容汇总 - 截至20240412 | Show All","https://alexzhen.notion.site/eac641215fdd4b539c28ce6fa6acf7ab?v=415aded9982a4a3c9daf123d900fe272","bookmark_bar > 收藏夹栏 > 购物 > 有声 > 资源","0"
"大数据导航-大数据工具导航-199IT大数据导航-199IT大数据工具导航-Hao.199it.com","http://hao.199it.com/","bookmark_bar > 收藏夹栏 > 导航网","3"
"学吧导航 | 四十万学习爱好者都在用的学习导航网站","https://www.xue8nav.com/","bookmark_bar > 收藏夹栏 > 导航网","2"
"Zlibrary — 全球最大的电子图书馆，九百万本电子书免费下载。附官网地址 | Tbox导航","https://www.tboxn.com/560.html","bookmark_bar > 收藏夹栏 > 导航网","1"
"快导航网 | 站在前方,为你导航","https://www.hifast.cn/#term-7049","bookmark_bar > 收藏夹栏 > 导航网","2"
"新媒派 | 新媒体运营,自媒体营销人员都在用的万能运营工具导航!","https://pidoutv.com/#term-959","bookmark_bar > 收藏夹栏 > 导航网","0"
"影视导航-大白分享库","https://yingshi.xiaok1.cn/","bookmark_bar > 收藏夹栏 > 导航网","2"
"苦瓜书盘","https://kgbook.com/","bookmark_bar > 收藏夹栏 > 资源搜索 > 电子书","1"
"azw3_mobi_epub_kindle电子书免费下载_爱悦读网","https://www.iyd.wang/","bookmark_bar > 收藏夹栏 > 资源搜索 > 电子书","1"
"Kox.moe [Kindle漫畫|Kobo漫畫|epub漫畫] [mox.moe]","https://mox.moe/","bookmark_bar > 收藏夹栏 > 资源搜索 > 电子书","1"
"毕方铺-网盘资源搜索神器。","https://www.iizhi.cn/","bookmark_bar > 收藏夹栏 > 资源搜索 > 电子书","1"
"微信读书","https://weread.qq.com/","bookmark_bar > 收藏夹栏 > 资源搜索 > 电子书","1"
"Jiumo Search 鸠摩搜索 - 文档搜索引擎","https://www.jiumodiary.com/","bookmark_bar > 收藏夹栏 > 资源搜索 > 电子书","1"
"计算机专业电子书下载_程序员免费高清PDF书籍_IT类相关书籍汇总  |  IT码农","https://tanqingbo.cn/CSBook001/","bookmark_bar > 收藏夹栏 > 资源搜索 > 电子书","1"
"123云盘","https://www.123pan.com/","bookmark_bar > 收藏夹栏 > 资源搜索 > 网盘","0"
"阿里云盘","https://www.aliyundrive.com/drive","bookmark_bar > 收藏夹栏 > 资源搜索 > 网盘","0"
"百度网盘","https://pan.baidu.com/disk/main#/index?category=all","bookmark_bar > 收藏夹栏 > 资源搜索 > 网盘","0"
"【夸克网盘】夸克网盘PC网页版端入口","https://pan.quark.cn/","bookmark_bar > 收藏夹栏 > 资源搜索 > 网盘","0"
"城通网盘","https://www.ctfile.com/","bookmark_bar > 收藏夹栏 > 资源搜索 > 网盘","0"
"大力盘","https://www.dalipan.com/#/main/search?restype=1","bookmark_bar > 收藏夹栏 > 资源搜索 > 网盘","0"
"大圣盘 - 网盘搜索引擎","https://www.dashengpan.com/#/main/search?restype=1","bookmark_bar > 收藏夹栏 > 资源搜索 > 网盘","0"
"网盘搜索,就上盘搜搜 - 好用的百度云搜索引擎","https://www.pansoso.com/","bookmark_bar > 收藏夹栏 > 资源搜索 > 网盘","0"
"小猪快盘 - 网盘搜索 - 首页","https://www.xiaozhukuaipan.com/","bookmark_bar > 收藏夹栏 > 资源搜索 > 网盘","0"
"网盘搜索,就上盘搜搜 - 好用的百度云搜索引擎","https://pansoso.com/","bookmark_bar > 收藏夹栏 > 资源搜索 > 网盘","0"
"优聚搜 ujuso.com","https://jujuso.com/#/main?q=%E6%B2%89%E9%99%8D%E4%BA%95&type=BDY&time=ALL&exact=FALSE&page=1&size=15","bookmark_bar > 收藏夹栏 > 资源搜索 > 网盘","0"
"优聚搜 - VIP专享","https://vvv.jujuso.com/#/search","bookmark_bar > 收藏夹栏 > 资源搜索 > 网盘","0"
"优聚搜 ujuso.com","https://kankanso.com/#/login","bookmark_bar > 收藏夹栏 > 资源搜索 > 网盘","0"
"33台词 - 通过台词找影片素材","https://33.agilestudio.cn/","bookmark_bar > 收藏夹栏 > 资源搜索","2"
"紫天 SketchUp 中文网 – 关注 SketchUp 及建筑技术发展的专业网站","https://www.sublog.net/?ref=hao.archcookie.com","bookmark_bar > 收藏夹栏 > 资源搜索 > SketchUP","1"
"SU插件库","https://www.sucj.me/","bookmark_bar > 收藏夹栏 > 资源搜索 > SketchUP","1"
"喵图记-分享你需要的精品素材","https://www.miaotj.com/","bookmark_bar > 收藏夹栏 > 资源搜索 > SketchUP","1"
"SketchUp坯子库 | SketchUp插件管理","http://www.piziku.com/","bookmark_bar > 收藏夹栏 > 资源搜索 > SketchUP","1"
"SUAPP插件库官方网站 - 专注于SketchUp插件扩展的专业站点","https://www.suapp.com/","bookmark_bar > 收藏夹栏 > 资源搜索 > SketchUP","1"
"D2配装","https://d2armorpicker.com/#/login","bookmark_bar > 收藏夹栏 > 拿手好戏 > 闲时了解 > 命运二工具","2"
"Destiny 2 Database, God Rolls, Collection Manager, and Leaderboards - light.gg","https://www.light.gg/","bookmark_bar > 收藏夹栏 > 拿手好戏 > 闲时了解 > 命运二工具","0"
"阵营武器查询","https://destinysets.com/mods","bookmark_bar > 收藏夹栏 > 拿手好戏 > 闲时了解 > 命运二工具","0"
"组队","https://heybox.jxuan.wang/","bookmark_bar > 收藏夹栏 > 拿手好戏 > 闲时了解 > 命运二工具","0"
"DIM","https://app.destinyitemmanager.com/4611686018499905931/d2/inventory","bookmark_bar > 收藏夹栏 > 拿手好戏 > 闲时了解 > 命运二工具","0"
"KOOK","https://www.kookapp.cn/app/discover?t=1673182208877","bookmark_bar > 收藏夹栏 > 拿手好戏 > 闲时了解 > 命运二工具","23"
"黑盒语音，玩家开黑大本营","https://chat.xiaoheihe.cn/app/","bookmark_bar > 收藏夹栏 > 拿手好戏 > 闲时了解 > 命运二工具","1"
"D2ArmorPicker","https://d2armorpicker.com/#/","bookmark_bar > 收藏夹栏 > 拿手好戏 > 闲时了解 > 命运二工具","0"
"在线vip视频解析-vip视频在线解析网","https://www.sayloving.com/movie.html","bookmark_bar > 收藏夹栏 > 拿手好戏 > 闲时了解 > 娱乐","0"
"腾讯视频 - 中国领先的在线视频媒体平台,海量高清视频在线观看","https://v.qq.com/","bookmark_bar > 收藏夹栏 > 拿手好戏 > 闲时了解 > 娱乐","0"
"ZOL下载-免费软件,绿色软件","https://xiazai.zol.com.cn/","bookmark_bar > 收藏夹栏 > 拿手好戏 > 闲时了解 > 娱乐","1"
"魔眼看书手机版","https://m.moyankanshu.com/","bookmark_bar > 收藏夹栏 > 拿手好戏 > 闲时了解 > 娱乐","0"
"克拉TV-哈哩哈哩-还是那个温馨小站","https://www.kelatv.com/","bookmark_bar > 收藏夹栏 > 拿手好戏 > 闲时了解 > 娱乐","0"
"鸭奈飞电影-专注于为国内用户提供免费的奈飞影视","https://yanetflix.com/","bookmark_bar > 收藏夹栏 > 拿手好戏 > 闲时了解 > 娱乐","0"
"单机游戏_单机游戏下载_单机游戏大全中文版下载_3DM游戏网","https://www.3dmgame.com/","bookmark_bar > 收藏夹栏 > 拿手好戏 > 闲时了解 > 娱乐","0"
"开黑啦","https://www.kaiheila.cn/app/channels/3410173230588589/2336630808851702","bookmark_bar > 收藏夹栏 > 拿手好戏 > 闲时了解 > 娱乐","2"
"全民解析-vip视频在线解析","https://jx.cjw123.com/","bookmark_bar > 收藏夹栏 > 拿手好戏 > 闲时了解 > 娱乐","0"
"斗破苍穹漫画 花千骨 寻找前世之旅 血族禁域 穿越西元3000后 漫画台","https://www.manhuatai.com/","bookmark_bar > 收藏夹栏 > 拿手好戏 > 闲时了解 > 娱乐","0"
"JS的回放小电视的个人空间_哔哩哔哩_bilibili","https://space.bilibili.com/1693253930","bookmark_bar > 收藏夹栏 > 拿手好戏 > 闲时了解 > 娱乐","0"
"2023年动漫-斗罗大陆2绝世唐门第五季-第13集在线观看-七七影院","https://www.qiqiyya1.com/p/44580-1-13.html","bookmark_bar > 收藏夹栏 > 拿手好戏 > 闲时了解 > 娱乐","0"
"GTA5 Mod_最全的GTA5Mod资源下载站 - 3DM Mod站","https://mod.3dmgame.com/summary/1199","bookmark_bar > 收藏夹栏 > 拿手好戏 > 闲时了解 > 娱乐","0"
"页面跳转提醒","https://wannengrun.net/link/?url=aHR0cHM6Ly9odHV6aS5jb20vdmlwLw==","bookmark_bar > 收藏夹栏 > 拿手好戏 > 闲时了解 > 娱乐","0"
"正在播放《吞噬星空剧场版》高清_高清1080P在线观看平台_国产动漫_高清版完整视频免费在线播放_海兔影院-免费的海外华人影院 - https://www.haituu.tv","https://www.haitu.vip/vodplay/359675-1-3.html","bookmark_bar > 收藏夹栏 > 拿手好戏 > 闲时了解 > 娱乐","1"
"Microsoft Edge 加载项 - vpn","https://microsoftedge.microsoft.com/addons/search/vpn?hl=zh-CN","bookmark_bar > 收藏夹栏 > 拿手好戏 > 闲时了解 > 娱乐","1"
"CAD 块，免费的自动光盘文件.dwg","https://cad-blocks.net/","bookmark_bar > 收藏夹栏 > 拿手好戏 > cad素材","0"
"无忧CAD网址大全_CAD网站第一导航","http://www.51cad.com.cn/","bookmark_bar > 收藏夹栏 > 拿手好戏 > cad素材","0"
"CAD图库-建库图纸-海量CAD图纸等你来下","http://www.211cad.com/","bookmark_bar > 收藏夹栏 > 拿手好戏 > cad素材","0"
"景轩数卡-会员批发-卡券回收","http://www.jxwl520.vip/","bookmark_bar > 收藏夹栏 > 拿手好戏 > 数字点卡","1"
"卡盟网-中国十大卡盟排行榜,卡盟平台官网","https://www.kameng.cn/","bookmark_bar > 收藏夹栏 > 拿手好戏 > 数字点卡","0"
"完美数卡","http://wanmeishuka.com/e","bookmark_bar > 收藏夹栏 > 拿手好戏 > 数字点卡","0"
"乔致数卡小店|影视货源站","http://www.qhysw.cn/","bookmark_bar > 收藏夹栏 > 拿手好戏 > 数字点卡","0"
"中国大学MOOC(慕课)_优质在线课程学习平台","https://www.icourse163.org/home.htm?userId=1420895963#/home/spocCourse","bookmark_bar > 收藏夹栏 > 拿手好戏 > 网课","1"
"网上报名_中国研究生招生信息网","https://yz.chsi.com.cn/yzwb/","bookmark_bar > 收藏夹栏 > 拿手好戏 > 网课","0"
"超星网","http://www.xuexi365.com/","bookmark_bar > 收藏夹栏 > 拿手好戏 > 网课","0"
"智慧树在线教育_全球大型的学分课程运营服务平台","https://www.zhihuishu.com/","bookmark_bar > 收藏夹栏 > 拿手好戏 > 网课","0"
"才士题库","https://www.caishi.cn/appDow","bookmark_bar > 收藏夹栏 > 拿手好戏 > 网课","0"
"学习通","http://i.mooc.chaoxing.com/space/index.shtml?ename=zne_sy_icon&burl=http://mooc1-1.chaoxing.com/visit/interaction?s=438eb60365b29700bdd24a7c60844b93","bookmark_bar > 收藏夹栏 > 拿手好戏 > 网课","0"
"沪江英语-沪江旗下英语学习资讯网站_免费英语学习网站","https://www.hjenglish.com/","bookmark_bar > 收藏夹栏 > 拿手好戏 > 网课","0"
"中国日报网英语点津_Language Tips","http://language.chinadaily.com.cn/index.html","bookmark_bar > 收藏夹栏 > 拿手好戏 > 网课","0"
"在浙学","https://www.zjooc.cn/","bookmark_bar > 收藏夹栏 > 拿手好戏 > 网课","0"
"浙江省大学生网上就业市场","http://www.ejobmart.cn/jyxt-v5/jyweb/webIndex.zf","bookmark_bar > 收藏夹栏 > 拿手好戏 > 网课","0"
"网易公开课","https://open.163.com/","bookmark_bar > 收藏夹栏 > 拿手好戏 > 网课","0"
"中国高等教育学生信息网（学信网）","https://www.chsi.com.cn/","bookmark_bar > 收藏夹栏 > 拿手好戏 > 网课","0"
"筑道教育_筑道教育腾讯课堂官网","https://zdjy.ke.qq.com/","bookmark_bar > 收藏夹栏 > 拿手好戏 > 网课","0"
"A road with a mountain in the background photo – Free Nature Image on Unsplash","https://unsplash.com/photos/a-road-with-a-mountain-in-the-background-fcwZsjyqp0s","bookmark_bar > 收藏夹栏 > 拿手好戏 > 制图素材","0"
"免费素材图片","https://www.pexels.com/zh-cn/","bookmark_bar > 收藏夹栏 > 拿手好戏 > 制图素材","1"
"Hippopx - beautiful free stock photos","https://www.hippopx.com/","bookmark_bar > 收藏夹栏 > 拿手好戏 > 制图素材","0"
"","https://www.insta360.com/cn/support/supportcourse?post_id=195","bookmark_bar > 收藏夹栏 > 拿手好戏 > 制图素材","0"
"犀牛 3d模型 免费下载 - 爱给网","https://www.aigei.com/3d/model/rhino/","bookmark_bar > 收藏夹栏 > 拿手好戏 > 制图素材","0"
"PS素材_Photoshop素材_大图网图片素材","http://www.daimg.com/photoshop/","bookmark_bar > 收藏夹栏 > 拿手好戏 > 制图素材","0"
"千图网-免费设计图片素材网站-正版图库免费设计素材中国","https://www.58pic.com/","bookmark_bar > 收藏夹栏 > 拿手好戏 > 制图素材","1"
"Pr素材网-Pr素材_Premiere模板pr转场特效视频剪辑素材下载","https://www.prsucai.com/","bookmark_bar > 收藏夹栏 > 拿手好戏 > 制图素材","0"
"PPT模板_PPT模版免费下载_免费PPT模板下载 -【第一PPT】","http://www.1ppt.com/","bookmark_bar > 收藏夹栏 > 拿手好戏 > 制图素材","1"
"包图网图片-包图网素材免费下载-包图网","https://ibaotu.com/tupian/baotuwang.html","bookmark_bar > 收藏夹栏 > 拿手好戏 > 制图素材","0"
"摄图网-正版高清图片免费下载_商用设计素材图库","https://699pic.com/?ref=www.hifast.cn","bookmark_bar > 收藏夹栏 > 拿手好戏 > 制图素材","0"
"ps素材,元素,背景,模板,png免抠素材免费下载,Ps设计素材元素免费共享-pstu.com.cn","http://www.pstu.com.cn/","bookmark_bar > 收藏夹栏 > 拿手好戏 > 制图素材","0"
"1920*1080电脑壁纸 - Bing images","https://cn.bing.com/images/search?q=1920%2A1080%E7%94%B5%E8%84%91%E5%A3%81%E7%BA%B8&form=IQFRBA&id=BFC1A53E7A2A766A913639BB7BBBC7EEC68EF848&first=1&disoverlay=1","bookmark_bar > 收藏夹栏 > 拿手好戏 > 制图素材","0"
"牛片网-短视频交易服务平台-企业影视广告宣传片拍摄制作外包","https://www.6pian.cn/","bookmark_bar > 收藏夹栏 > 拿手好戏 > 制图素材","1"
"吾爱破解 - LCG - LSG|安卓破解|病毒分析|www.52pojie.cn","https://www.52pojie.cn/","bookmark_bar > 收藏夹栏 > 拿手好戏 > 破解网站","2"
"亿破姐|给你所需要的内容！","https://www.ypojie.com/","bookmark_bar > 收藏夹栏 > 拿手好戏 > 破解网站","2"
"殁漂遥 - 分享实用好软件 - MPYiT.com","https://www.mpyit.com/","bookmark_bar > 收藏夹栏 > 拿手好戏 > 破解网站","0"
"小众软件 - 分享免费、小巧、实用、有趣、绿色的软件","https://www.appinn.com/","bookmark_bar > 收藏夹栏 > 拿手好戏 > 破解网站","5"
"闪电软件园_SD173下载_最新软件绿色免费下载","http://www.sd173.com/","bookmark_bar > 收藏夹栏 > 拿手好戏 > 破解网站","1"
"zd423 - 软件分享平台领跑者","https://www.zdfans.com/","bookmark_bar > 收藏夹栏 > 拿手好戏 > 破解网站","0"
"518学习团 - 优质学习资源永久免费更新","https://www.518keep.com/","bookmark_bar > 收藏夹栏 > 拿手好戏 > 破解网站","0"
"大眼仔旭 - 专注视频剪辑、解压、录屏、思维导图等办公资源分享","http://www.dayanzai.me/","bookmark_bar > 收藏夹栏 > 拿手好戏 > 破解网站","0"
"必备软件库","http://www.bbeiku.com/","bookmark_bar > 收藏夹栏 > 拿手好戏 > 破解网站","0"
"Авторские репаки от ELCHUPACABRA - REPACK скачать","https://lrepacks.net/","bookmark_bar > 收藏夹栏 > 拿手好戏 > 破解网站","4"
"蜘蛛资源网 | 找免费优质软件就来蜘蛛资源网","https://www.zhizhuzy.com/?ref=www.tboxn.com","bookmark_bar > 收藏夹栏 > 拿手好戏 > 破解网站","0"
"软仓丨RuanCang.Net","https://ruancang.net/#/","bookmark_bar > 收藏夹栏 > 拿手好戏 > 破解网站","1"
"破解补丁-六音","https://www.sixyin.com/pc/pc-pojiebuding","bookmark_bar > 收藏夹栏 > 拿手好戏 > 破解网站","0"
"window软件分享","https://www.waodown.com/category/pc","bookmark_bar > 收藏夹栏 > 拿手好戏 > 破解网站","1"
"软猫下载 - 纯净无插件的下载平台 - 软件下载中心","https://www.softmall.net/?ref=toolsdar.cn","bookmark_bar > 收藏夹栏 > 拿手好戏 > 破解网站","1"
"无忧软件|路桥CAD软件，建筑CAD软件，测绘CAD软件,免费的行业CAD设计软件教材网。","https://www.wgcad.com/","bookmark_bar > 收藏夹栏 > 拿手好戏 > 破解网站","4"
"软件大全A~Z","https://ts006.vip/","bookmark_bar > 收藏夹栏 > 拿手好戏 > 破解网站","2"
"阿众软件库 - 专注提供绿色纯净软件下载的资源网站","https://www.azhongruanjian.com/?from=xzjs_hot","bookmark_bar > 收藏夹栏 > 拿手好戏 > 破解网站","1"
"图欧学习资源导航 - 终身学习者的导航站","https://tuostudy.upnb.top/","bookmark_bar > 收藏夹栏 > 拿手好戏 > 破解网站","4"
"绿软小站 - 分享绿色软件、免费软件、最新资讯！","https://www.gndown.com/","bookmark_bar > 收藏夹栏 > 拿手好戏 > 破解网站","54"
"423Down","https://www.423down.com/","bookmark_bar > 收藏夹栏 > 拿手好戏 > 破解网站","6"
"电脑软件-办文绿软","https://www.5071211.com/pc","bookmark_bar > 收藏夹栏 > 拿手好戏 > 破解网站","7"
"【PS2022】终于有一套全面的PS教程啦！带你从零基础入门到高薪就业 寒假自学PS必备！！_哔哩哔哩_bilibili","https://www.bilibili.com/video/BV13L411F7S1?p=11&spm_id_from=pageDriver&vd_source=640e51f220907a2bf8d8e054ae3b5e4d","bookmark_bar > 收藏夹栏 > 拿手好戏 > 软件教学","1"
"Photoshop图层混合模式详解 - 知乎","https://zhuanlan.zhihu.com/p/94081709","bookmark_bar > 收藏夹栏 > 拿手好戏 > 软件教学","0"
"学犀牛(Xuexiniu)中文网 - 工业设计互动平台 - Rhino/Keyshot/Grasshopper","https://www.xuexiniu.com/","bookmark_bar > 收藏夹栏 > 拿手好戏 > 软件教学","0"
"纬地道路三维设计8.0实操_哔哩哔哩_bilibili","https://www.bilibili.com/video/BV1kU4y1Z7mB?p=3","bookmark_bar > 收藏夹栏 > 拿手好戏 > 软件教学","0"
"2-9基于智能布线的立交平面设计_哔哩哔哩_bilibili","https://www.bilibili.com/video/BV1CX4y157iq?p=10&spm_id_from=pageDriver&vd_source=640e51f220907a2bf8d8e054ae3b5e4d","bookmark_bar > 收藏夹栏 > 拿手好戏 > 软件教学","0"
"理正8.5教学视频_哔哩哔哩_bilibili","https://www.bilibili.com/video/BV1Pt4y147b9/","bookmark_bar > 收藏夹栏 > 拿手好戏 > 软件教学","0"
"鸿业市政道路从入门到精通！！！官方高清精品教程！！！_哔哩哔哩_bilibili","https://www.bilibili.com/video/BV1VJ411P7N8/?vd_source=640e51f220907a2bf8d8e054ae3b5e4d","bookmark_bar > 收藏夹栏 > 拿手好戏 > 软件教学","0"
"管立得2020视频教程_哔哩哔哩_bilibili","https://www.bilibili.com/video/BV1wY41137po/?vd_source=640e51f220907a2bf8d8e054ae3b5e4d","bookmark_bar > 收藏夹栏 > 拿手好戏 > 软件教学","0"
"CAD大师绘图｜怎么把图块内字转属性？CAD大师绘图爱用B2A快捷键！,教育,职业教育,好看视频","https://haokan.baidu.com/v?vid=3654655716939679570&collection_id=9716142168796968803&","bookmark_bar > 收藏夹栏 > 拿手好戏 > 软件教学","0"
"T20天正建筑 墙体编辑2_哔哩哔哩_bilibili","https://www.bilibili.com/video/BV1Ma4y1Y7eu/?p=5&spm_id_from=pageDriver&vd_source=640e51f220907a2bf8d8e054ae3b5e4d","bookmark_bar > 收藏夹栏 > 拿手好戏 > 软件教学","0"
"【AU基础教程】 零基础入门教程（10集全）人声处理 降噪 混音 背景音乐 audition 电台主播保姆教程_哔哩哔哩_bilibili","https://www.bilibili.com/video/BV1M7411U72i/?spm_id_from=333.337.search-card.all.click&vd_source=640e51f220907a2bf8d8e054ae3b5e4d","bookmark_bar > 收藏夹栏 > 拿手好戏 > 软件教学","0"
"【AU教程】Audition零基础入门教程_哔哩哔哩_bilibili","https://www.bilibili.com/video/BV1A54y1N7c8/?spm_id_from=333.337.search-card.all.click&vd_source=640e51f220907a2bf8d8e054ae3b5e4d","bookmark_bar > 收藏夹栏 > 拿手好戏 > 软件教学","0"
"FabFilter肥波效果器插件全家桶功能介绍使用调试教程以及参数设置 - 知乎","https://zhuanlan.zhihu.com/p/640026709","bookmark_bar > 收藏夹栏 > 拿手好戏 > 软件教学","0"
"视频搜索工具 - 飞书云文档","https://txdw1ldgxx2.feishu.cn/wiki/ISivwV2t9iny5mkxo8GcKTknn3c","bookmark_bar > 收藏夹栏 > 拿手好戏 > 磁力工具","1"
"迅雷磁力 | 一个神奇的稀缺资源导航网站，你想要的资源的这里都有!","https://xunleis.xyz/","bookmark_bar > 收藏夹栏 > 拿手好戏 > 磁力工具","2"
"今日头条","https://www.toutiao.com/?wid=1699184859387","bookmark_bar > 收藏夹栏 > 新闻 文献","50"
"凤凰网","https://www.ifeng.com/","bookmark_bar > 收藏夹栏 > 新闻 文献","5"
"网易新闻","https://news.163.com/","bookmark_bar > 收藏夹栏 > 新闻 文献","1"
"动脉网-全球产业链接平台","https://www.vbdata.cn/new","bookmark_bar > 收藏夹栏 > 新闻 文献","0"
"36氪_让一部分人先看到未来","https://www.36kr.com/","bookmark_bar > 收藏夹栏 > 新闻 文献","0"
"钛媒体-打开科技 打开财富","https://www.tmtpost.com/","bookmark_bar > 收藏夹栏 > 新闻 文献","0"
"新闻中心首页_新浪网","https://news.sina.com.cn/","bookmark_bar > 收藏夹栏 > 新闻 文献","1"
"虎扑社区-虎扑网","https://bbs.hupu.com/?ref=toolsdar.cn","bookmark_bar > 收藏夹栏 > 新闻 文献","1"
"中文数据库","http://www.wxerk.top/e/action/ListInfo/?classid=61","bookmark_bar > 收藏夹栏 > 新闻 文献","1"
"检索-中国知网","https://xnki.xue338.com/kns8s/defaultresult/index","bookmark_bar > 收藏夹栏 > 新闻 文献","2"
"Nature","https://www.nature.com/","bookmark_bar > 收藏夹栏 > 新闻 文献","1"
"Science | AAAS","https://www.science.org/","bookmark_bar > 收藏夹栏 > 新闻 文献","1"
"文心一言","https://yiyan.baidu.com/","bookmark_bar > 收藏夹栏","103"
"【无忌视界】国内国际优秀摄影师/摄影作品推荐_新锐视觉－色影无忌","https://vision.xitek.com/sight/","bookmark_bar > 收藏夹栏 > 摄影","3"
"视觉中国VCG.COM - 正版商用图片,视频,音乐,字体,插画_素材库","https://www.vcg.com/","bookmark_bar > 收藏夹栏 > 摄影","1"
"图虫网","https://tuchong.com/","bookmark_bar > 收藏夹栏 > 摄影","1"
"500px摄影社区-与全球摄影师交流分享","https://500px.com.cn/","bookmark_bar > 收藏夹栏 > 摄影","2"
"JetBrains Marketplace","https://plugins.jetbrains.com/","bookmark_bar > 收藏夹栏 > 代码 > python","0"
"Python教学_bilbil子木","https://space.bilibili.com/612593877","bookmark_bar > 收藏夹栏 > 代码 > python","0"
"Welcome to Python.org","https://www.python.org/","bookmark_bar > 收藏夹栏 > 代码 > python","0"
"软件先锋-软件下载-软件下载平台-电脑软件-电脑软件下载","https://soft.macxf.com/","bookmark_bar > 收藏夹栏 > 代码 > python","0"
"Python 正则表达式 | 菜鸟教程","https://www.runoob.com/python/python-reg-expressions.html","bookmark_bar > 收藏夹栏 > 代码 > python","0"
"Python3 教程 | 菜鸟教程","https://www.runoob.com/python3/python3-tutorial.html","bookmark_bar > 收藏夹栏 > 代码 > python","0"
"lisp中窗选线_【Visual Lisp】图元选择集专题_weixin_39933895的博客-CSDN博客","https://blog.csdn.net/weixin_39933895/article/details/111765442?spm=1001.2101.3001.6661.1&utm_medium=distribute.pc_relevant_t0.none-task-blog-2~default~CTRLIST~Rate-1-111765442-blog-111785462.pc_relevant_multi_platform_whitelistv3&depth_1-utm_source=distribute.pc_relevant_t0.none-task-blog-2~default~CTRLIST~Rate-1-111765442-blog-111785462.pc_relevant_multi_platform_whitelistv3&utm_relevant_index=1","bookmark_bar > 收藏夹栏 > 代码 > lisp问题代码","0"
"【CAD插件入门】Autolisp教程之提取CAD对象信息 - 知乎","https://zhuanlan.zhihu.com/p/132635405","bookmark_bar > 收藏夹栏 > 代码 > lisp问题代码","0"
"CAD DXF组码 - 百度文库","https://wenku.baidu.com/view/7ee10086ec3a87c24028c4f5.html?_wkts_=1671360754481","bookmark_bar > 收藏夹栏 > 代码 > lisp问题代码","0"
"LISP函数大全_pangshaohua的博客-CSDN博客_lisp函数","https://blog.csdn.net/pangshaohua/article/details/54561566?utm_medium=distribute.pc_relevant.none-task-blog-2~default~baidujs_baidulandingword~default-0-54561566-blog-126138092.pc_relevant_3mothn_strategy_recovery&spm=1001.2101.3001.4242.1&utm_relevant_index=3","bookmark_bar > 收藏夹栏 > 代码 > lisp问题代码","0"
"CSDN - 专业开发者社区","https://www.csdn.net/?spm=1001.2101.3001.4476","bookmark_bar > 收藏夹栏 > 代码","0"
"vl-load-com （AutoLISP/ActiveX） - 中文CAD开发文档，CAD二次开发问题交流，优秀插件分享","https://www.cadn.net.cn/portal.php?mod=view&aid=8118","bookmark_bar > 收藏夹栏 > 代码","4"
"[源泉设计] YQBudget,YQStat,官方网站","http://yqarch.cn/","bookmark_bar > 收藏夹栏 > 代码","3"
"资源吧-专注于分享资源-聚合资源分享-免费发文-资源首发网","https://zibovip.top/","bookmark_bar > 收藏夹栏 > 论坛吧","4"
"社区 - Chiphell - 分享与交流用户体验","https://www.chiphell.com/forum.php","bookmark_bar > 收藏夹栏 > 论坛吧","1"
"国家医保药品目录查询","https://wx.nhsa.gov.cn/#/pages/NRDL/index/index","bookmark_bar > 收藏夹栏 > 医药美妆查询类","1"
"中国水果交易网-全国最大的免费水果网,水果交易批发信息平台！","https://www.guo68.com/","bookmark_bar > 收藏夹栏 > 商品交易网站","2"
"惠农网上商城信息服务平台","https://www.zcgov.cn/semzcyblue/360/keywordcphxckey2000620587?qhclickid=24971baf03a67ba7","bookmark_bar > 收藏夹栏 > 商品交易网站","1"
"浙江嘉兴水果市场","http://jxsgsc.com/","bookmark_bar > 收藏夹栏 > 商品交易网站","3"
"拼多多批发 - 拼多多官方采购批发平台，多多批发","https://pifa.pinduoduo.com/","bookmark_bar > 收藏夹栏 > 商品交易网站","1"
"一亩田 - 轻松买卖农产品","https://www.ymt.com/","bookmark_bar > 收藏夹栏 > 商品交易网站","2"
"Yandex — a fast Internet search","https://yandex.com/","bookmark_bar > 收藏夹栏","32"
"智标领航AI - 知乎直答","https://zhida.zhihu.com/search/3654426281741618057?zhida_source=entity","bookmark_bar > 收藏夹栏 > 标书制作","1"
"网盘资源大全","https://docs.qq.com/aio/DYmZYVGpFVGxOS3NE?friendUin=YOCoHMqenOP4676hTzfBfw%253D%253D&ADUIN=2324144788&ADSESSION=1749959363&ADTAG=CLIENT.QQ.5711_.0&ADPUBNO=27434&jumpuin=2324144788&p=12dm8VXKIJ18DOeH5QyCP0","bookmark_bar > 收藏夹栏","3"
"网址搜索","http://2345wz.2345bg.com/","bookmark_bar > 收藏夹栏","0"
"百度搜索","http://bd.2345bg.com/","bookmark_bar > 收藏夹栏","0"
"淘宝","http://tb.2345bg.com/","bookmark_bar > 收藏夹栏","0"
"在线视频","http://movie.2345bg.com/","bookmark_bar > 收藏夹栏","0"
"必应搜索","http://bing.2345bg.com/","bookmark_bar > 收藏夹栏","0"
"游戏娱乐","http://yx.2345bg.com/","bookmark_bar > 收藏夹栏","0"
"新闻资讯","http://news.2345bg.com/","bookmark_bar > 收藏夹栏","0"
"二维码工具","http://lt.2345bg.com/","bookmark_bar > 收藏夹栏","0"
"中国路面机械网","https://www.lmjx.net/","bookmark_bar > 收藏夹栏 > 施工机械","1"
"NEF转JPG批量转换器 | 线上 免费","https://to.imagestool.com/zh-CN/nef-to-jpg","bookmark_bar > 收藏夹栏 > 图像处理","1"
"Noi浏览器深度测评：20+AI服务无缝集成，效率提升300%的秘密-CSDN博客","https://blog.csdn.net/gitblog_00524/article/details/154585283","bookmark_bar > 收藏夹栏","2"
"正版软件商城丨APSGO软购商城","https://apsgo.com/","bookmark_bar > 收藏夹栏","0"
"IP地址信息和纯净度检测 | IPPure","https://ippure.com/","bookmark_bar > 收藏夹栏 > IP纯净度检测","24"
"IP质量检测 - IP纯净度检测 - 代理检测 - IPLark","https://iplark.com/check","bookmark_bar > 收藏夹栏 > IP纯净度检测","6"
"哪些 VPN 最快？ | 翻墙中心","https://cc.greatfire.org/zh/","bookmark_bar > 收藏夹栏 > IP纯净度检测","6"
"IPLark - 查看本机IP地址 - 我的IP归属地","https://iplark.com/","bookmark_bar > 收藏夹栏 > IP纯净度检测","2"
"My IP Address - BrowserLeaks","https://browserleaks.com/ip","bookmark_bar > 收藏夹栏 > IP纯净度检测","6"
"IP归属地查询 - 在线工具","https://tool.lu/ip/","bookmark_bar > 收藏夹栏 > IP纯净度检测","1"
"bing.com/ck/a?!&&p=6aab70d2dcfc402f943b848ddf8c99489c2457a6eb7fb7b0530ad5b30fa2c4f6JmltdHM9MTc2NzU3MTIwMA&ptn=3&ver=2&hsh=4&fclid=31466eba-df81-60b6-2083-78e4de536185&psq=skyline&u=a1aHR0cHM6Ly93d3cuc2t5bGluZXdlYmNhbXMuY29tLw&ntb=1","https://www.bing.com/search?q=skyline&form=ANNTH1&refig=695bcf9f70d94a86b9941c39c461e9a7&pc=U531&adppc=EdgeStart&pqlth=0&assgl=7&sgcn=skyline&qs=HS&sgtpv=HS&smvpcn=0&swbcn=10&sctcn=0&sc=10-0&sp=1&ghc=0&cvid=695bcf9f70d94a86b9941c39c461e9a7&clckatsg=1&hsmssg=0","bookmark_bar > 收藏夹栏 > 实况直播","2"
"Dailmotion","https://www.bing.com/search?q=Dailymotion&form=ANNTH1&refig=69b3817827df4f5c81acd13d71ec811b&pc=U531&adppc=EDGEDSP","bookmark_bar > 收藏夹栏 > 实况直播","1"
"万象云官方发布页","https://xn--chqymv5tdjrxz7b.com/","bookmark_bar > 收藏夹栏 > vpn","9"
"Potato Cloud|土豆云专线机场官网入口","https://mlgpp.cn/#prices","bookmark_bar > 收藏夹栏 > vpn","1"
"配置订阅 | 万象云加速器","https://2026.wanxiangjichang.com/#/plan/11","bookmark_bar > 收藏夹栏 > vpn","3"
"星云机场","https://chanel.weyolo.com/oauth_auto_login","bookmark_bar > 收藏夹栏 > vpn","1"
"首页 — FASTLINK","https://web01.fastlink.cc/user","bookmark_bar > 收藏夹栏 > vpn","1"
"商店 — FASTLINK","https://web01.fastlink.cc/user/shop","bookmark_bar > 收藏夹栏 > vpn","1"
"龙猫云机场-最具性价比IPLC专线机场","https://w01.lmweb06.cc/dashboard","bookmark_bar > 收藏夹栏 > vpn","9"
"闪狐云（FlashFox）- 畅享高速稳定的全球网络加速服务","https://flashfox.biz/","bookmark_bar > 收藏夹栏 > vpn","2"
"龙猫云机场-最具性价比IPLC专线机场","https://w01.lmweb06.cc/shop","bookmark_bar > 收藏夹栏 > vpn","1"
"肥猫云（FatCatCloud）- 大带宽不限速的国际网络加速服务","https://fatcatcloud.org/#pricing","bookmark_bar > 收藏夹栏 > vpn","1"
"商店 - 小旋风","https://xxfaff.pro/#/store","bookmark_bar > 收藏夹栏 > vpn","1"
"仪表盘 | 扬帆云","https://yafadmin.net/#/dashboard","bookmark_bar > 收藏夹栏 > vpn","1"
"仪表盘 | 万象云加速器","https://2026.wanxiangjichang.com/#/dashboard","bookmark_bar > 收藏夹栏 > vpn","4"
"仪表盘 | 七星Cloud","https://www.huoshaohaochi.com/#/dashboard","bookmark_bar > 收藏夹栏 > vpn","2"
"仪表盘 - 贝贝云","https://beibeicloud.shop/dashboard","bookmark_bar > 收藏夹栏 > vpn","1"
"BoostNet","https://888.boostnet3.com/console/plan","bookmark_bar > 收藏夹栏 > vpn","1"
"TAG","https://296788.dedicated-afflink.com/#/home","bookmark_bar > 收藏夹栏 > vpn","1"
"青云梯机场-最具性价比IPLC专线机场","https://qytvipaffa02.cc/shop","bookmark_bar > 收藏夹栏 > vpn","1"
"New message","https://ktmcloud.cc/#/plan","bookmark_bar > 收藏夹栏 > vpn","1"
"欢迎使用正方教务管理系统！请登录","http://122.225.19.20/(2nsepozws0etj0qe2xvin055)/default2.aspx","other > 其他收藏夹 > 学校网站","0"
"同济大学浙江学院微商","http://i.mooc.chaoxing.com/space/index?t=1537426728547","other > 其他收藏夹 > 学校网站","1"
"正方教务管理系统","http://192.168.100.191/xs_main.aspx?xh=1807107","other > 其他收藏夹 > 学校网站","0"
"在职研究生报名中心","http://www.zzychina.net/xhangzhou.html","other > 其他收藏夹 > 学校网站","0"
"同济大学浙江学院 自主实践教学管理平台","http://192.168.100.20:3000/","other > 其他收藏夹 > 学校网站","0"
"实践平台外网（不好用）","http://122.225.19.19:3000/","other > 其他收藏夹 > 学校网站","0"
"NCRE报名网(计算机)","https://passport.neea.edu.cn/NCRELogin?ReturnUrl=https://ncre-bm.neea.edu.cn/Home/VerifyPassport/?LoginType=0|33&Safe=1","other > 其他收藏夹 > 学校网站","0"
"WPS学院","https://www.wps.cn/learning","other > 其他收藏夹 > 学校网站","1"
"paperera","https://www.paperera.com/paper/checkReport.html","other > 其他收藏夹 > 学校网站 > 论文查重","0"
"免费论文查重_paeprlike论文检测","https://www.paperlike.net/","other > 其他收藏夹 > 学校网站 > 论文查重","0"
"免费论文查重入口_PaperRed论文检测系统","https://www.paperred.com/","other > 其他收藏夹 > 学校网站 > 论文查重","0"
"提交论文_papercrazy免费论文查重检测网","https://check.papercrazy.cn/home","other > 其他收藏夹 > 学校网站 > 论文查重","0"
"免费论文查重_PaperYY论文检测__PaperYY论文查重","https://www.paperyy.com/","other > 其他收藏夹 > 学校网站 > 论文查重","0"
"提交新论文","https://pmlc.cnki.net/user/Submit.aspx","other > 其他收藏夹 > 学校网站 > 论文查重","0"
"WantWords 反向词典","https://wantwords.net/","other > 其他收藏夹 > 学校网站 > 论文查重","0"
"免费论文降重软件辅助人工改重工具 - 贝影论文修改助手","https://www.beiying.net/","other > 其他收藏夹 > 学校网站 > 论文查重","0"
"查标准上工标网","http://www.csres.com/","other > 其他收藏夹 > 工程","0"
"中国人事考试网","http://www.cpta.com.cn/","other > 其他收藏夹 > 工程","0"
"中华人民共和国住房和城乡建设部","http://www.mohurd.gov.cn/","other > 其他收藏夹 > 工程","0"
"首页 - 全国标准信息公共服务平台","http://std.samr.gov.cn/","other > 其他收藏夹 > 工程","0"
" 标准信息查询－中国政府网","http://www.gov.cn/fuwu/bzxxcx/bzh.htm","other > 其他收藏夹 > 工程","0"
"河南省人事考试中心","http://www.hnrsks.com/","other > 其他收藏夹 > 工程","0"
"国家法律法规数据库","https://flk.npc.gov.cn/index.html","other > 其他收藏夹 > 工程","0"
"首页 - 全国标准信息公共服务平台","https://std.samr.gov.cn/","other > 其他收藏夹 > 工程","0"
"SSC_中国铁建财务共享服务平台","http://ssc.crcc.cn:8003//login,dist-login,7978724DC000002146231AF018A12C13,41072719860208125X/loginDate,1621180800000/","other > 其他收藏夹 > 工程","0"
"公路水运工程质量试验检测管理信息系统","https://www.ttiis.cn/","other > 其他收藏夹 > 工程","0"
"查标准上工标网","http://www.csres.com/index.jsp","other > 其他收藏夹 > 工程","0"
"标准查询_国家标准网-国家标准查询网","http://cx.spsp.gov.cn/index.aspx?Token=%24Token%24&First=First","other > 其他收藏夹 > 工程","0"
"监理检测网--施工监理和工程试验检测网站","http://www.3c3t.com/","other > 其他收藏夹 > 工程","0"
"交通工程检测数据智能系统","http://qy.sys10086.com/","other > 其他收藏夹 > 工程","0"
"交通职业资格网","http://www.jtzyzg.org.cn/","other > 其他收藏夹 > 工程","0"
"河南省人事考试中心","http://www.hnrsks.gov.cn/","other > 其他收藏夹 > 工程","0"
"老墨考资QQ：1091959422工程类、会计类、英语等权威面授资料与押题","http://www.tydisk.com/webfile.aspx","other > 其他收藏夹 > 工程","0"
"山东省人力资源和社会保障厅","http://hrss.shandong.gov.cn/articles/ch00370/201908/d3ce67ee-f3a0-4326-9966-e20f05fa4f0a.shtml","other > 其他收藏夹 > 工程","0"
"住房和城乡建设部中国建造师网","http://www.coc.gov.cn/","other > 其他收藏夹 > 工程","0"
"【河南省公路工程局集团检测技术有限公司】","http://www.real.ha.cn/index.asp","other > 其他收藏夹 > 工程","0"
"一建(ZY近期将更新教材更改部分的内容)_免费高速下载|百度云 网盘-分享无限制","http://pan.baidu.com/s/1sjoNN8x","other > 其他收藏夹 > 工程","0"
"中交国通公路工程技术有限公司","http://zjgtgroup.com/","other > 其他收藏夹 > 工程","0"
"GB/T 27021_食品标准搜索_食品伙伴网下载中心","http://down.foodmate.net/standard/search.php?corpstandard=2&fields=0&kw=GB%2FT+27020","other > 其他收藏夹 > 工程","0"
"《高强混凝土强度检测技术规程》实施指南及检测新技术_建筑书籍_库七七","https://www.kqqw.com/p-10-12120.html","other > 其他收藏夹 > 工程","0"
"人才招聘-河南交院工程技术集团有限公司","http://www.hnjyjt.org/job/","other > 其他收藏夹 > 工程","0"
"关于进一步完善职称资格确认有关问题的通知 - 郑州市人力资源和社会保障局","http://zzrs.zhengzhou.gov.cn/tzgg/5076998.jhtml","other > 其他收藏夹 > 工程","0"
"河南省公路工程局集团有限公司","http://www.gcjjt.com/","other > 其他收藏夹 > 工程","1"
"中国标准服务网","https://www.cssn.net.cn/cssn/index","other > 其他收藏夹 > 工程","0"
"河南交通投资集团","http://www.hnjttz.com/","other > 其他收藏夹 > 工程","0"
"中岩培训","https://xy.zywx.net/#/Data","other > 其他收藏夹 > 工程","0"
"资质资格-查询服务-中华人民共和国交通运输部","https://www.mot.gov.cn/chaxunfuwu/zizhizige/","other > 其他收藏夹 > 工程","0"
"河南交投交通建设集团有限公司","http://jsjt.hnjttz.com//html/1557/49/51/3124.html","other > 其他收藏夹 > 工程","0"
"河南省人力资源和社会保障厅","https://hrss.henan.gov.cn/","other > 其他收藏夹 > 工程","0"
"河南省交通规划设计研究院股份有限公司-职位","http://zhaopin.hnrbi.com/job","other > 其他收藏夹 > 工程","0"
"中钢国检专注检验、检测、校准服务 - 中钢集团郑州金属制品研究院股份有限公司","https://www.cst.ac.cn/","other > 其他收藏夹 > 工程","0"
"新建标签页","edge://newtab/","synced > 移动收藏夹","1"
"    ","https://cn.bing.com/search?q=iC65N-C20A%2F2P%2F300mA&qs=n&form=QBRE&sp=-1&lq=0&pq=ic65n-c20a%2F2p%2F300ma&sc=12-19&sk=&cvid=2AE8B523C1144234A2C27B550F0E2268","synced > 移动收藏夹","1"
